{
  "knee_point": {
    "metrics": {
      "obj_F_mean": 0.6970444875598142,
      "obj_J_mean": 0.7009540472352689,
      "obj_D_mean": 0.7485090266744775,
      "obj_R_mean": 0.9012783912917888
    }
  },
  "fan_favor_point": {
    "metrics": {
      "obj_F_mean": 0.9112804287804191,
      "obj_J_mean": 0.5063769344952943,
      "obj_D_mean": 0.4819561407452525,
      "obj_R_mean": 0.8720283160905598
    }
  },
  "judge_favor_point": {
    "metrics": {
      "obj_F_mean": 0.5148193777562596,
      "obj_J_mean": 0.9000734990087702,
      "obj_D_mean": 0.5056526509140323,
      "obj_R_mean": 0.8873649675983487
    }
  }
}